Country Name,Country Code,Indicator Name,2003,2004.0,2005,2006,2007,2008,2009,2010,2011,2012,2013,2014,2015,2016,2017,2018,2019,2020
Albania,ALB,CO2 emissions (metric tons per capita),1352,1417,1351,1353,1421,1415,1476,1572,1735,1579,1655,1807,1760,1714,1949,1940,1688,1576
Afghanistan,AFG,CO2 emissions (metric tons per capita),57,46,64,73,87,158,211,297,407,335,264,234,232,209,203,200,319,312
Algeria,DZA,CO2 emissions (metric tons per capita),2599,2597,2684,2787,2942,2994,3192,3145,3222,3388,3406,3566,3674,3535,3506,3592,3871,3535
Angola,AGO,CO2 emissions (metric tons per capita),994,1028,937,1009,1124,1156,1206,1222,1216,1205,1262,1285,1261,1228,1034,887,738,675
Antigua and Barbuda,ATG,CO2 emissions (metric tons per capita),5170,4978,5033,5319,5474,5621,16024,5566,5714,7964,5136,5186,5237,5290,5240,5505,5008,4395
Argentina,ARG,CO2 emissions (metric tons per capita),3370,3685,3762,3954,4123,4195,3889,4122,4296,4278,4360,4216,4314,4228,4089,3987,3742,3473
Armenia,ARM,CO2 emissions (metric tons per capita),1160,1253,1496,1518,1773,1957,1562,1508,1717,1983,1898,1882,1825,1727,1807,1880,1869,1988
Australia,AUS,CO2 emissions (metric tons per capita),17692,18148,18118,18121,18503,18283,18207,17581,17268,16969,16399,15756,15786,15872,15739,15476,16447,15368
Austria,AUT,CO2 emissions (metric tons per capita),9168,9168,9168,9168,9168,9168,9168,9168,9168,9168,9168,9168,9168,9168,9168,9168,7589,6732
Azerbaijan,AZE,CO2 emissions (metric tons per capita),4170,4104,4367,4027,3206,3375,2810,2667,3113,3309,3333,3422,3334,3347,3244,3221,3854,3720
"Bahamas, The",BHS,CO2 emissions (metric tons per capita),7186,6773,6218,6102,6135,6139,17220,5860,6730,10012,8470,7069,6334,5795,5632,5860,6773,5945
Bahrain,BHR,CO2 emissions (metric tons per capita),23064,21606,23280,23476,22212,22222,20868,20937,20365,20439,21870,22619,22306,21181,20334,19593,20985,20546
Bangladesh,BGD,CO2 emissions (metric tons per capita),212,223,235,255,266,288,307,343,365,384,397,413,459,467,493,513,578,564
Barbados,BRB,CO2 emissions (metric tons per capita),5030,4940,5139,5298,5310,6358,16435,5636,5901,7790,5206,4529,4521,4584,4192,4361,4234,3782
Belarus,BLR,CO2 emissions (metric tons per capita),5364,5732,5844,6123,5998,6326,6017,6477,6159,6317,6331,6277,5784,5811,5921,6254,6456,6079
Belgium,BEL,CO2 emissions (metric tons per capita),11131,10941,10556,10301,9843,9984,9232,9772,8658,8550,8657,8043,8444,8324,8155,8180,8644,7226
Belize,BLZ,CO2 emissions (metric tons per capita),1893,1591,1656,1751,1772,1630,4640,1737,1938,2041,1446,1387,1829,1764,1730,1775,1687,1466
Benin,BEN,CO2 emissions (metric tons per capita),316,326,348,466,519,500,525,552,526,487,502,536,566,665,659,689,620,553
Bhutan,BTN,CO2 emissions (metric tons per capita),573,485,632,608,587,596,545,686,966,1083,1197,1307,1319,1670,1784,1829,2526,2495
Bolivia,BOL,CO2 emissions (metric tons per capita),1023,1039,1091,1188,1260,1339,1403,1497,1611,1662,1761,1884,1878,1959,1988,2000,2071,1773
Bosnia and Herzegovina,BIH,CO2 emissions (metric tons per capita),3950,4136,4310,4756,5020,5530,5511,5624,6484,6092,6168,5597,5718,6597,6758,6781,7527,6528
Botswana,BWA,CO2 emissions (metric tons per capita),2260,2249,2379,2228,2303,2292,2094,1696,1985,2515,2696,3414,3400,3296,3569,3642,3006,2772
Brazil,BRA,CO2 emissions (metric tons per capita),1702,1776,1776,1775,1849,1938,1809,2032,2112,2267,2402,2499,2347,2143,2164,2042,2302,2199
Brunei Darussalam,BRN,CO2 emissions (metric tons per capita),14860,13688,13201,19500,18242,19029,19354,17652,17806,17870,17358,17009,14413,15270,15808,16645,22982,23220
Bulgaria,BGR,CO2 emissions (metric tons per capita),6159,6114,6251,6443,6974,6677,5772,6064,6759,6176,5481,5846,6226,5856,6224,5855,6032,5389
Burkina Faso,BFA,CO2 emissions (metric tons per capita),87,87,86,101,118,130,127,134,137,164,174,172,188,188,212,216,213,190
Burundi,BDI,CO2 emissions (metric tons per capita),25,22,22,25,24,25,24,37,41,42,43,40,40,44,53,53,61,51
Cabo Verde,CPV,CO2 emissions (metric tons per capita),689,745,950,1066,968,998,1048,1096,1143,1049,997,965,953,1036,1098,1140,1095,989
Cambodia,KHM,CO2 emissions (metric tons per capita),185,182,199,219,263,284,336,344,357,367,371,434,553,628,710,687,930,917
Cameroon,CMR,CO2 emissions (metric tons per capita),363,379,373,381,434,426,444,442,381,329,334,342,344,357,339,342,286,260
Canada,CAN,CO2 emissions (metric tons per capita),17234,16820,17057,16612,17371,16549,15487,15734,15950,15761,15858,15854,15651,15245,15385,15497,15567,14197
Central African Republic,CAF,CO2 emissions (metric tons per capita),62,61,59,63,62,61,60,62,66,68,67,67,69,68,67,71,44,39
Chad,TCD,CO2 emissions (metric tons per capita),81,79,79,78,81,85,84,86,66,70,70,69,69,70,68,69,63,56
Chile,CHL,CO2 emissions (metric tons per capita),3149,3417,3443,3488,3916,4085,3871,4086,4437,4511,4720,4301,4562,4732,4712,4625,4545,4246
China,CHN,CO2 emissions (metric tons per capita),3425,3952,4463,4906,5303,5432,5795,6332,6903,7058,7320,7253,7169,7119,7226,7405,7316,7412
Colombia,COL,CO2 emissions (metric tons per capita),1350,1336,1358,1336,1353,1356,1407,1430,1531,1526,1673,1699,1705,1739,1555,1601,1796,1751
Comoros,COM,CO2 emissions (metric tons per capita),240,251,229,239,187,183,193,232,212,207,243,211,232,251,307,312,359,297
"Congo, Dem. Rep.",COD,CO2 emissions (metric tons per capita),21,22,27,28,30,31,31,32,38,35,51,65,38,26,28,26,31,28
"Congo, Rep.",COG,CO2 emissions (metric tons per capita),863,815,1330,1322,1323,1349,1312,1165,1106,1053,865,861,708,673,630,614,612,565
Costa Rica,CRI,CO2 emissions (metric tons per capita),1393,1406,1463,1510,1725,1685,1593,1553,1604,1589,1641,1633,1555,1649,1653,1652,1747,1552
Cote d'Ivoire,CIV,CO2 emissions (metric tons per capita),293,302,317,300,289,324,296,303,285,366,383,396,412,391,425,395,408,382
Croatia,HRV,CO2 emissions (metric tons per capita),5022,4904,4981,5015,5311,5044,4720,4530,4448,4091,4004,3855,3968,4058,4238,4056,4305,4137
Cuba,CUB,CO2 emissions (metric tons per capita),2247,2219,2296,2335,2418,2341,2414,2696,2540,2563,2424,2377,2427,2510,2262,2202,1987,1779
Cyprus,CYP,CO2 emissions (metric tons per capita),7820,7631,7658,7594,7746,7767,7449,7028,6712,6185,5578,5858,5840,6110,6188,6079,6124,5381
Czech Republic,CZE,CO2 emissions (metric tons per capita),12043,12105,11752,11779,12004,11393,10644,10877,10573,10196,9770,9477,9575,9735,9762,9641,9431,8215
Denmark,DNK,CO2 emissions (metric tons per capita),11008,9971,9276,10706,9778,9123,8671,8685,7735,6833,7120,6337,5912,6177,5781,5761,5353,4522
Djibouti,DJI,CO2 emissions (metric tons per capita),540,518,549,541,584,576,556,619,562,587,634,512,591,527,498,511,413,356
Dominica,DMA,CO2 emissions (metric tons per capita),1997,2273,2267,2404,2542,2541,7057,2540,2397,3523,2394,2532,2529,2524,2379,2513,2191,1934
Dominican Republic,DOM,CO2 emissions (metric tons per capita),2115,1922,2051,2204,2204,2172,2050,2129,2127,2179,2115,2097,2281,2352,2225,2364,2563,2560
Ecuador,ECU,CO2 emissions (metric tons per capita),1792,1870,1964,2071,2069,2083,2195,2308,2329,2367,2510,2583,2512,2366,2250,2314,2116,1753
"Egypt, Arab Rep.",EGY,CO2 emissions (metric tons per capita),1802,1924,2126,2200,2329,2375,2409,2374,2385,2458,2380,2396,2444,2477,2475,2502,2250,2086
El Salvador,SLV,CO2 emissions (metric tons per capita),1086,1109,1130,1189,1250,1127,1085,1058,1092,1085,1031,1047,1107,1128,999,1061,1062,944
Equatorial Guinea,GNQ,CO2 emissions (metric tons per capita),7515,10112,10793,11676,9188,10432,10714,10089,9839,9707,8686,7209,6110,4608,4461,5096,7574,7317
Eritrea,ERI,CO2 emissions (metric tons per capita),265,250,212,178,170,147,151,158,180,194,198,205,194,195,211,232,239,204
Estonia,EST,CO2 emissions (metric tons per capita),12278,12418,12637,11798,14806,13679,11210,14180,13598,12686,14560,13556,11685,11894,12358,12103,9339,7880
Eswatini,SWZ,CO2 emissions (metric tons per capita),978,965,980,975,997,971,1012,948,951,982,1426,877,933,1104,925,959,882,824
Ethiopia,ETH,CO2 emissions (metric tons per capita),70,72,66,69,75,83,81,74,84,91,108,126,128,144,145,149,146,128
Fiji,FJI,CO2 emissions (metric tons per capita),1323,1785,1558,1655,1507,1136,1136,1349,1286,1191,1305,1512,1738,1994,2063,2151,1564,1554
Finland,FIN,CO2 emissions (metric tons per capita),13756,12945,10572,12726,12309,10664,10148,11659,10230,9126,9228,8452,7815,8318,7808,8043,7691,7091
France,FRA,CO2 emissions (metric tons per capita),6054,6027,6028,5841,5669,5564,5314,5351,5104,5122,5101,4592,4666,4687,4728,4619,4851,4238
Gabon,GAB,CO2 emissions (metric tons per capita),3326,3272,3330,2825,2750,2720,2677,2937,3348,3332,3137,2920,2814,2844,2276,2175,2066,1931
"Gambia, The",GMB,CO2 emissions (metric tons per capita),207,214,220,226,244,255,276,245,243,241,224,257,254,247,244,250,233,207
Georgia,GEO,CO2 emissions (metric tons per capita),800,858,1086,1211,1458,1258,1473,1405,1736,1928,2109,2277,2470,2589,2583,2539,2622,2499
Germany,DEU,CO2 emissions (metric tons per capita),10136,9947,9727,9883,9525,9616,8970,9452,9298,9450,9643,9107,9087,9073,8858,8558,8518,7690
Ghana,GHA,CO2 emissions (metric tons per capita),344,311,322,377,394,363,412,450,481,547,564,528,543,495,508,541,556,515
Greece,GRC,CO2 emissions (metric tons per capita),9171,9114,9279,9138,9441,9064,8530,7875,7614,7251,6610,6385,6285,6204,6211,6083,6276,5012
Greenland,GRL,CO2 emissions (metric tons per capita),0,0,0,0,0,0,0,0,0,0,0,0,0,0,0,0,9771,9061
Grenada,GRD,CO2 emissions (metric tons per capita),2404,2204,2389,2478,2662,2750,7657,2730,2716,3909,2958,2296,2463,2539,2616,2692,2967,2620
Guatemala,GTM,CO2 emissions (metric tons per capita),849,848,890,871,921,818,846,803,808,822,865,911,1050,1103,1026,1114,1248,1057
Guinea,GIN,CO2 emissions (metric tons per capita),194,198,202,204,208,206,213,245,251,234,200,201,222,241,246,251,291,258
Guinea-Bissau,GNB,CO2 emissions (metric tons per capita),156,160,156,160,163,152,155,158,160,156,158,165,161,168,164,165,164,146
Guyana,GUY,CO2 emissions (metric tons per capita),2174,2239,1983,1782,2143,2142,2167,2348,2433,2648,2608,2699,2671,2995,2993,3132,3177,2813
Haiti,HTI,CO2 emissions (metric tons per capita),203,185,186,184,215,210,203,247,277,244,262,290,310,314,307,299,292,256
Honduras,HND,CO2 emissions (metric tons per capita),953,1045,942,1052,1103,1084,1000,987,1035,1058,1062,1056,1083,1014,955,1019,1107,975
Hungary,HUN,CO2 emissions (metric tons per capita),5749,5579,5548,5507,5356,5283,4773,4788,4704,4378,4120,4118,4407,4532,4756,4746,5068,4997
Iceland,ISL,CO2 emissions (metric tons per capita),7702,7943,7717,7670,7639,6868,6625,6163,5925,5800,6270,6262,6227,6171,6319,6237,10473,8604
India,IND,CO2 emissions (metric tons per capita),914,962,991,1042,1129,1186,1288,1349,1408,1508,1536,1649,1641,1648,1719,1800,1922,1769
Indonesia,IDN,CO2 emissions (metric tons per capita),1522,1537,1522,1588,1635,1602,1653,1724,1960,1959,1804,1921,1900,1892,2014,2178,2441,2155
"Iran, Islamic Rep.",IRN,CO2 emissions (metric tons per capita),5735,6087,6468,6956,7342,7406,7562,7468,7526,7561,7747,7883,7672,7613,7695,7693,8845,8870
Iraq,IRQ,CO2 emissions (metric tons per capita),2811,2861,3277,3056,2776,3031,3711,4042,4265,4762,4902,4906,4559,4708,4641,4895,5673,5242
Ireland,IRL,CO2 emissions (metric tons per capita),11065,11021,11245,11187,10689,10324,9044,8910,7939,8066,7725,7632,7867,8140,7807,7624,7635,6754
Israel,ISR,CO2 emissions (metric tons per capita),9401,9276,8801,9120,9274,9126,8780,9249,8991,9615,8313,7876,7893,7636,7579,6976,7324,6510
Italy,ITA,CO2 emissions (metric tons per capita),8064,8189,8174,8026,7861,7564,6719,6837,6681,6328,5752,5387,5563,5498,5438,5376,5611,5025
Jamaica,JAM,CO2 emissions (metric tons per capita),3909,3879,3854,4378,4342,3458,2818,2661,2689,2502,2652,2574,2522,2667,2462,2900,2729,2509
Japan,JPN,CO2 emissions (metric tons per capita),9519,9479,9500,9310,9581,9055,8600,9027,9482,9811,9894,9584,9293,9224,9086,8742,8718,8150
Jordan,JOR,CO2 emissions (metric tons per capita),3185,3330,3446,3366,3372,3052,2997,2782,2709,2981,2794,2869,2737,2602,2667,2479,2549,2498
Kazakhstan,KAZ,CO2 emissions (metric tons per capita),9142,10006,10727,11772,12213,14706,12690,13698,14627,14381,15047,11871,11779,12533,12505,12062,15949,15516
Kenya,KEN,CO2 emissions (metric tons per capita),188,209,227,247,242,249,286,301,302,274,310,322,357,383,376,358,349,300
Kiribati,KIR,CO2 emissions (metric tons per capita),563,552,758,742,622,608,594,486,477,564,556,549,541,711,701,691,578,570
"Korea, Dem. People's Rep.",PRK,CO2 emissions (metric tons per capita),3090,3132,3246,3282,2714,2996,2266,2103,1501,1552,1116,1254,1005,1189,880,709,1145,1137
"Korea, Rep.",KOR,CO2 emissions (metric tons per capita),9701,10085,9963,10053,10301,10462,10655,11589,11961,11932,11851,11548,11889,12003,12175,12225,12651,11656
Kuwait,KWT,CO2 emissions (metric tons per capita),25735,27035,29623,29351,27452,27451,26600,26154,25618,24961,24178,22645,22953,22715,22120,21623,22974,20825
Kyrgyz Republic,KGZ,CO2 emissions (metric tons per capita),1108,1089,1027,1019,1228,1412,1256,1166,1382,1794,1640,1664,1724,1596,1507,1740,1717,1764
Lao PDR,LAO,CO2 emissions (metric tons per capita),206,214,219,281,291,339,413,461,479,507,598,666,1285,2244,2662,2661,4733,4652
Latvia,LVA,CO2 emissions (metric tons per capita),3317,3367,3448,3696,3877,3725,3437,4062,3835,3721,3702,3651,3702,3649,3666,3959,4011,3591
Lebanon,LBN,CO2 emissions (metric tons per capita),3967,3913,3678,3410,3157,3916,4554,4216,4071,4240,3930,3983,4141,4142,4294,4040,3888,3805
Lesotho,LSO,CO2 emissions (metric tons per capita),902,932,952,965,986,1012,1055,1082,1103,1132,1129,1130,1083,1094,1167,1219,1092,1019
Liberia,LBR,CO2 emissions (metric tons per capita),156,179,208,207,185,150,144,188,212,230,214,280,282,307,268,274,222,200
Libya,LBY,CO2 emissions (metric tons per capita),7878,7966,8473,8386,7748,8495,8772,9234,6090,8320,8700,9384,8388,7883,8633,8825,8043,7382
Liechtenstein,LIE,CO2 emissions (metric tons per capita),6731,6678,6625,6576,5679,6203,5879,5278,4959,5189,5143,4299,4271,3984,4232,3692,3903,3698
Lithuania,LTU,CO2 emissions (metric tons per capita),3288,3527,3862,3982,4088,4084,3696,4068,3910,3993,3831,3703,3811,3905,3967,4137,5045,5069
Luxembourg,LUX,CO2 emissions (metric tons per capita),22718,25497,25669,24839,23209,22593,21013,21817,21086,20134,18680,17346,16029,15223,15092,15330,15838,13059
Madagascar,MDG,CO2 emissions (metric tons per capita),90,93,93,87,89,89,82,88,101,123,128,129,137,129,137,128,150,133
Malawi,MWI,CO2 emissions (metric tons per capita),73,74,72,72,73,80,79,72,76,73,76,68,72,79,85,87,85,73
Malaysia,MYS,CO2 emissions (metric tons per capita),5823,6251,6477,6590,7049,7385,6527,7059,7039,6993,7459,7757,7682,7451,7166,7600,8722,8423
Maldives,MDV,CO2 emissions (metric tons per capita),1751,2377,2221,2657,2596,2533,2575,2625,2654,2870,2719,3126,2968,3680,3666,3704,3379,3324
Mali,MLI,CO2 emissions (metric tons per capita),117,120,129,143,152,148,172,185,201,195,185,184,196,246,273,295,188,167
Malta,MLT,CO2 emissions (metric tons per capita),6548,6479,6488,6538,6663,6644,6085,6224,6174,6452,5564,5408,3707,2965,3248,3198,3790,3612
Marshall Islands,MHL,CO2 emissions (metric tons per capita),2057,2386,2534,2511,2498,2315,2489,2484,2477,2469,2459,2623,2611,3118,3101,3253,2570,2556
Mauritania,MRT,CO2 emissions (metric tons per capita),455,480,479,469,537,546,586,592,609,648,576,641,729,675,887,908,817,726
Mauritius,MUS,CO2 emissions (metric tons per capita),2266,2269,2410,2674,2743,2789,2742,2927,2906,2970,3035,3133,3136,3198,3305,3264,3448,3129
Mexico,MEX,CO2 emissions (metric tons per capita),3948,3963,4079,4181,4236,4308,4106,4110,4157,4099,3954,3808,3878,3886,3781,3741,3414,2769
"Micronesia, Fed. Sts.",FSM,CO2 emissions (metric tons per capita),1497,1501,1508,1329,1340,1159,1262,1069,1160,1244,1322,1303,1378,1542,1525,1598,0,0
Moldova,MDA,CO2 emissions (metric tons per capita),2677,2687,2832,2771,2833,2842,2667,2901,2920,2847,2512,2699,2829,2905,2962,3172,1275,1276
Mongolia,MNG,CO2 emissions (metric tons per capita),3771,3830,4378,4854,5020,4928,5101,5261,5678,6068,6378,6163,5770,5945,6253,6725,27500,26978
Montenegro,MNE,CO2 emissions (metric tons per capita),0,0,3272,3545,3410,4360,2830,4165,4096,3754,3654,3570,3793,3391,3583,4050,4212,3678
Morocco,MAR,CO2 emissions (metric tons per capita),1283,1400,1461,1499,1532,1591,1583,1659,1763,1809,1771,1789,1822,1796,1853,1851,1870,1748
Mozambique,MOZ,CO2 emissions (metric tons per capita),99,96,83,88,103,101,110,116,132,123,135,170,209,208,210,225,240,210
Myanmar,MMR,CO2 emissions (metric tons per capita),226,216,226,207,212,161,152,164,168,229,262,326,361,413,588,605,667,668
Namibia,NAM,CO2 emissions (metric tons per capita),1208,1248,1305,1288,1306,1449,1456,1477,1539,1613,1710,1759,1845,1849,1802,1736,1636,1526
Nauru,NRU,CO2 emissions (metric tons per capita),7007,7066,7108,5088,4063,4049,4022,3996,3973,3946,4898,4860,4820,5728,6618,6556,5263,5236
Nepal,NPL,CO2 emissions (metric tons per capita),120,111,124,101,102,112,144,172,192,222,226,265,239,343,399,428,593,582
Netherlands,NLD,CO2 emissions (metric tons per capita),10506,10574,10292,10015,10050,10057,9712,10301,9517,9401,9350,8888,9334,9293,9101,8773,8984,8060
New Zealand,NZL,CO2 emissions (metric tons per capita),8304,8042,8288,8199,7905,8068,7279,7155,6923,7262,7148,7039,6984,6614,6839,6573,7839,6942
Nicaragua,NIC,CO2 emissions (metric tons per capita),856,839,791,818,835,787,764,774,808,784,741,775,847,853,846,806,867,766
Niger,NER,CO2 emissions (metric tons per capita),60,60,56,53,56,56,68,83,82,106,97,103,98,95,96,102,80,70
Nigeria,NGA,CO2 emissions (metric tons per capita),672,655,709,647,616,609,481,572,627,602,645,659,597,583,592,667,647,609
North Macedonia,MKD,CO2 emissions (metric tons per capita),4485,4336,4543,4542,4750,4634,4331,4216,4651,4402,3969,3744,3597,3552,3775,3538,3828,3430
Norway,NOR,CO2 emissions (metric tons per capita),8132,8158,7867,8016,8069,7774,7756,8562,8108,7793,7522,7451,7447,7250,6993,7031,7969,7615
Oman,OMN,CO2 emissions (metric tons per capita),11596,11253,11098,14538,15441,14569,14856,15279,16111,16767,16200,16008,16005,15525,14981,15192,12212,12173
Pakistan,PAK,CO2 emissions (metric tons per capita),690,757,759,808,872,828,827,784,773,768,759,787,820,887,951,982,1082,1063
Palau,PLW,CO2 emissions (metric tons per capita),11104,11580,13142,12791,12527,11225,10935,11697,12396,11908,12498,12482,12454,14674,15161,16191,12169,12125
Panama,PAN,CO2 emissions (metric tons per capita),1723,1716,2138,2208,2166,2076,2431,2523,2695,2774,2766,2891,2696,2668,2496,2428,2895,2498
Papua New Guinea,PNG,CO2 emissions (metric tons per capita),654,773,751,713,740,679,701,687,689,642,672,739,793,922,913,867,754,744
Paraguay,PRY,CO2 emissions (metric tons per capita),699,693,635,648,659,687,709,807,824,807,814,853,952,1055,1165,1210,1210,1061
Peru,PER,CO2 emissions (metric tons per capita),984,1133,1125,1106,1204,1350,1448,1570,1660,1639,1663,1755,1766,1828,1717,1697,1691,1356
Philippines,PHL,CO2 emissions (metric tons per capita),900,901,905,806,834,844,839,889,884,906,989,1039,1113,1205,1299,1334,1356,1241
Poland,POL,CO2 emissions (metric tons per capita),7792,7905,7896,8235,8220,8087,7792,8247,8160,7970,7842,7517,7609,7894,8238,8235,8433,7916
Portugal,PRT,CO2 emissions (metric tons per capita),5787,5926,6233,5745,5577,5384,5327,4818,4724,4586,4452,4416,4813,4722,5178,4841,4658,3961
Qatar,QAT,CO2 emissions (metric tons per capita),42403,42358,47700,43981,41898,38443,34545,33545,32306,33373,31927,32694,32471,32128,32179,32416,40619,37019
Romania,ROU,CO2 emissions (metric tons per capita),4618,4509,4494,4668,4618,4636,3953,3828,4167,4075,3603,3587,3679,3611,3783,3845,3865,3715
Russian Federation,RUS,CO2 emissions (metric tons per capita),10523,10649,10667,11116,11145,11301,10471,11083,11624,11640,11317,11173,10809,10606,10777,11127,11513,10807
Rwanda,RWA,CO2 emissions (metric tons per capita),60,60,58,56,58,56,57,57,63,68,72,73,82,90,88,88,94,80
Samoa,WSM,CO2 emissions (metric tons per capita),902,952,1057,1050,1044,1037,1030,1022,1067,1058,1049,1092,1240,1542,1536,1632,1246,1239
Sao Tome and Principe,STP,CO2 emissions (metric tons per capita),465,455,508,495,481,526,512,554,542,637,625,613,602,590,628,663,587,514
Saudi Arabia,SAU,CO2 emissions (metric tons per capita),12384,12718,12973,13403,13799,14765,15007,16018,16155,16764,16617,17363,17692,17160,16335,15269,18163,17967
Senegal,SEN,CO2 emissions (metric tons per capita),426,499,511,489,531,533,539,554,581,557,581,605,637,662,621,622,691,624
Serbia,SRB,CO2 emissions (metric tons per capita),7098,7711,6923,7254,7123,6986,6430,6399,7024,6313,6442,5430,6365,6551,6680,6522,5624,4937
Seychelles,SYC,CO2 emissions (metric tons per capita),6644,9094,8448,8747,7644,8050,5842,4901,4575,5096,4558,5035,5352,5704,6156,6407,5945,4994
Sierra Leone,SLE,CO2 emissions (metric tons per capita),112,105,85,108,90,90,88,92,117,133,156,168,131,131,130,133,123,110
Singapore,SGP,CO2 emissions (metric tons per capita),9288,9509,8650,8445,8345,7939,7785,8354,8637,8224,8135,8128,8220,8232,8451,8399,7874,7778
Slovak Republic,SVK,CO2 emissions (metric tons per capita),7135,6969,7169,7050,6925,6888,6282,6575,6322,5986,6085,5619,5669,5800,6174,6059,6189,5629
Slovenia,SVN,CO2 emissions (metric tons per capita),7726,7867,7963,8127,8077,8603,7614,7718,7663,7374,7088,6387,6382,6746,6843,6775,6738,6043
Solomon Islands,SLB,CO2 emissions (metric tons per capita),604,676,724,686,691,636,641,644,646,647,683,579,514,581,550,567,445,435
Somalia,SOM,CO2 emissions (metric tons per capita),59,57,56,54,56,54,52,52,51,50,50,48,47,47,45,46,43,35
South Africa,ZAF,CO2 emissions (metric tons per capita),7558,8035,7887,7828,8080,8569,8004,8300,7867,8077,8137,8213,7671,7564,7633,7497,8127,7620
South Sudan,SSD,CO2 emissions (metric tons per capita),0,0,0,0,0,0,0,0,0,140,140,145,184,160,139,126,126,105
Spain,ESP,CO2 emissions (metric tons per capita),7553,7818,8029,7698,7842,7054,6201,5867,5870,5757,5208,5184,5518,5314,5654,5520,5381,4468
Sri Lanka,LKA,CO2 emissions (metric tons per capita),646,664,715,630,685,641,611,645,756,824,703,847,971,1034,1087,998,1070,986
St. Kitts and Nevis,KNA,CO2 emissions (metric tons per capita),5027,5181,4696,4859,5234,5189,14404,4897,5259,7017,4570,4530,4687,4842,4612,4958,4535,3986
St. Lucia,LCA,CO2 emissions (metric tons per capita),2679,2595,2325,2479,1909,1882,6097,2298,2165,2944,1803,2019,2121,1944,2045,2144,2720,2396
Sudan,SDN,CO2 emissions (metric tons per capita),263,282,325,393,415,439,443,459,434,420,391,404,458,514,498,483,515,430
Suriname,SUR,CO2 emissions (metric tons per capita),2521,2816,3384,3028,2758,2823,2772,3288,3644,4508,4184,4772,4918,4089,3734,3611,4335,3791
Sweden,SWE,CO2 emissions (metric tons per capita),6162,5959,5561,5385,5153,5006,4611,5132,4719,4428,4224,4033,4000,3909,3811,3538,4079,3826
Switzerland,CHE,CO2 emissions (metric tons per capita),6110,6128,6165,6077,5766,5879,5639,5778,5206,5311,5375,4852,4712,4730,4569,4402,4277,3732
Syrian Arab Republic,SYR,CO2 emissions (metric tons per capita),2428,2506,3028,3087,3125,3100,2790,2795,2653,2250,1559,1447,1447,1515,1702,1647,1817,1745
Tajikistan,TJK,CO2 emissions (metric tons per capita),332,387,361,386,460,420,325,321,330,380,392,542,563,688,717,805,926,991
Tanzania,TZA,CO2 emissions (metric tons per capita),103,136,148,153,145,146,138,156,179,210,223,215,227,206,208,206,208,183
Thailand,THA,CO2 emissions (metric tons per capita),2957,3213,3304,3314,3387,3432,3310,3505,3475,3716,3852,3779,3829,3780,3766,3714,3901,3693
Timor-Leste,TLS,CO2 emissions (metric tons per capita),179,206,211,197,193,199,214,219,225,265,399,451,510,566,483,505,406,399
Togo,TGO,CO2 emissions (metric tons per capita),343,326,312,272,253,258,451,410,381,329,252,223,249,306,269,286,285,265
Tonga,TON,CO2 emissions (metric tons per capita),1205,1297,1288,1475,1267,1257,1347,1154,1062,1071,1179,1089,1091,1483,1765,1841,1373,1360
Trinidad and Tobago,TTO,CO2 emissions (metric tons per capita),11936,12379,15172,17059,16867,16083,15285,17031,17355,16448,16791,16090,15514,13234,13142,12778,28946,25373
Tunisia,TUN,CO2 emissions (metric tons per capita),2199,2278,2290,2360,2379,2380,2384,2580,2394,2460,2444,2606,2654,2565,2614,2592,2566,2380
Turkey,TUR,CO2 emissions (metric tons per capita),3316,3352,3461,3797,4153,4078,4036,4108,4326,4406,4191,4411,4477,4692,5127,5015,4787,4657
Turkmenistan,TKM,CO2 emissions (metric tons per capita),9539,9955,10171,10339,11540,11518,10060,11275,12255,12586,12630,12712,12952,12719,12498,12260,12844,12491
Tuvalu,TUV,CO2 emissions (metric tons per capita),1028,1013,1000,988,979,969,960,950,941,931,922,911,901,890,880,869,648,642
Uganda,UGA,CO2 emissions (metric tons per capita),62,66,81,91,100,104,109,119,124,113,120,128,127,143,142,143,129,107
Ukraine,UKR,CO2 emissions (metric tons per capita),6907,6473,6271,6497,6711,6514,5478,5874,6203,6082,5905,5248,4227,4472,3900,4154,5059,4891
United Arab Emirates,ARE,CO2 emissions (metric tons per capita),27891,27032,25343,22916,21348,22033,19853,19043,18590,19223,20015,19952,20948,21308,21951,20797,15781,15193
United Kingdom,GBR,CO2 emissions (metric tons per capita),9088,9040,8950,8902,8629,8323,7469,7676,7025,7332,7065,6422,6149,5775,5546,5399,5464,4855
United States,USA,CO2 emissions (metric tons per capita),19509,19604,19478,18958,19056,18295,16819,17434,16599,15771,16103,16026,15535,15132,14806,15241,15972,14238
Uruguay,URY,CO2 emissions (metric tons per capita),1351,1644,1629,1904,1756,2320,2290,1869,2259,2521,2171,1912,1931,1907,1769,1890,1902,1681
Uzbekistan,UZB,CO2 emissions (metric tons per capita),4627,4695,4388,4603,4405,4549,4118,4291,4262,3738,3741,3427,3244,3371,3439,3401,3463,3370
Vanuatu,VUT,CO2 emissions (metric tons per capita),452,343,334,327,501,445,565,550,536,481,429,606,516,647,595,615,605,591
"Venezuela, RB",VEN,CO2 emissions (metric tons per capita),5405,5491,5961,5582,5607,5916,5848,6027,5891,6264,6302,6269,5780,5429,5059,4783,3478,2975
Vietnam,VNM,CO2 emissions (metric tons per capita),856,1017,1098,1132,1234,1364,1512,1699,1677,1640,1693,1838,2257,2391,2348,2699,2699,2613
"Yemen, Rep.",YEM,CO2 emissions (metric tons per capita),917,942,964,938,969,1005,1139,1036,869,804,1048,1034,536,400,361,327,344,328
Zambia,ZMB,CO2 emissions (metric tons per capita),186,183,193,179,158,170,187,194,218,278,284,312,319,342,415,446,395,358
Zimbabwe,ZWE,CO2 emissions (metric tons per capita),850,813,870,809,796,614,619,773,891,923,926,894,898,783,719,850,748,709